domain,mozDA,mozPA,srTraffic,adminEmail,adminName,category,niche
abbottsathome.com,46,,19909,abbottsathome@outlook.com,,Automotive,Car
agirlsguidetocars.com,50,,40488,info@agirlsguidetocars.com,Scotty,Automotive,Car
agvsport.com,31,,15081,youtube@agvsg.com,,Automotive,Motorcycle
allforturntables.com,24,,4320,reeze@allforturntables.com,Reeze,Automotive,Car
allthingsthrifty.com,60,,647,allthingsthrifty@gmail.com,Brooke,Automotive,Motorcycle
alltyretests.com,35,,5907,admin@alltyretests.com,Admin,Automotive,Tires & Wheels
alwaysreadyhq.com,31,,1748,lglvek6yd@mozmail.com,,Automotive,Car
amanandhisgear.com,23,,5238,"austin@amanandhisgear.com, partner@amanandhisgear.com, contact@amanandhisgear.com",Austin,Automotive,Car
atvfixed.com,15,,100,treestoneclub@gmail.com,John,Automotive,Off-road vehicles
atvhelper.com,22,,25728,atvhelpercontact@gmail.com,Rob,Automotive,Off-road vehicles
autocarehq.com,23,,8749,info@autocarehq.com,Heather,Automotive,Car
autoguide.com,73,,143260,"social@autoguide.com, cwood@verticalscope.com",Colum,Automotive,Car
autopadre.com,26,,28089,contact@autopadre.com,,Automotive,Car
autoquarterly.com,41,,798,support@autoquarterly.com,Wyatt,Automotive,Car
autovfix.com,28,,3569,info@autovfix.com,,Automotive,Car
autoweek.com,79,,444643,"jahl@autoweek.com, rreynolds@autoweek.com",Natalie,Automotive,Car
axleaddict.com,57,,73493,info@axleaddict.com,,Automotive,Car
beastriders.com,38,,220,"Support@BeastRiders.com, TahirAzam@BeastRiders.com",Tahir,Automotive,Motorcycle
bestbeginnermotorcycles.com,49,,102808,info@bestbeginnermotorcycles.com,,Automotive,Motorcycle
bestlifeonline.com,73,,1370406,help@bestlifeonline.com,David,Automotive,Car
bicycling.com,75,,747865,info@bicycling.com,,Automotive,Motorcycle
bigbikereviews.com,27,,1268,contact@bigbikereviews.com,,Automotive,Motorcycle
bikeradar.com,70,,517471,testing@bikeradar.com,George,Automotive,Motorcycle
bikerestart.com,20,,651,info@bikerestart.com,,Automotive,Motorcycle
bikergirllife.com,21,,5169,kat@bikergirllife.com,Kat,Automotive,Motorcycle
bikerrated.com,33,,2636,info@bikerrated.com,,Automotive,Motorcycle
bryansgarage.com,15,,7628,bryansgaragecarcare@gmail.com,Bryan,Automotive,Car
canadamotoguide.com,48,,1374,info@canadamotoguide.com,,Automotive,Car
canadiangearhead.com,29,,30891,contact@canadiangearhead.com,Tim,Automotive,Car
caraudionow.com,43,,25343,support@caraudionow.com,Kameron,Automotive,"Car, Audio Systems"
carbiketech.com,39,,7181,support@carbiketech.com,,Automotive,"Car, Motorcycle"
carcleaningguide.com,28,,264,sales@usamotorcycling.com,Chase,Automotive,Car
cardetailingplanet.com,24,,567,petardz@cardetailingplanet.com,Petar,Automotive,"Car, Motorcycle"
carroar.com,23,,1523,info@carroar.com,,Automotive,Car
carshtuff.com,26,,14102,contact@carshtuff.com,,Automotive,Car
cartreatments.com,34,,36822,info@cartreatments.com,Mark,Automotive,Car
carunderstanding.com,30,,1453,david@carunderstanding.com,David,Automotive,Car
carwashcountry.com,30,,7136,support@carwashcountry.com,,Automotive,Car
charmcitycirculator.com,47,,75039,cajeeperus@gmail.com,Marcus,Automotive,Transportation
checkengine.com,19,,1553,info@checkengine.com,,Automotive,Car
cherrypicksreviews.com,45,,17941,info@cherrypicksreviews.com,Miranda,Automotive,Car
comparethetire.com,16,,811,info@comparethetire.com,Ameer,Automotive,"Car, Tires & Wheels"
cycleworld.com,66,,298051,intake@cycleworld.com,Mark,Automotive,Motorcycle
detaildiy.com,21,,776,contact@detaildiy.com,Will,Automotive,Car
dirtbikemagazine.com,54,,46758,tomh@hi-torque.com,Tom,Automotive,Motorcycle
dirtbikemoto.com,10,,250,info@dirtbikemoto.com,,Automotive,Motorcycle
dirtbikeplanet.com,33,,16439,support@dirtbikeplanet.com,Jim,Automotive,Motorcycle
dirtrider.com,56,,79992,DRmail@octane.co,,Automotive,Motorcycle
diymotofix.com,27,,486,paul.olesen@diymotofix.com,Paul,Automotive,Motorcycle
driverillustrated.com,13,,771,driverillustrated@gmail.com,,Automotive,Car
drivermoola.com,26,,1546,contact@drivermoola.com,,Automotive,Car
drivingpress.com,29,,148781,alvin@drivingpress.com,,Automotive,"Car, Lifestyle"
ecodrivingusa.com,37,,4924,Info@ecodrivingusa.com,,Automotive,"Car, Eco-friendly"
electricbikeaction.com,31,,3751,chrisrobinson@hi-torque.com,,Automotive,"Motorcycle, Electric Vehicles"
everydayshowcar.com,20,,761,Admin@Everydayshowcar.com,,Automotive,Car
firespeedy.com,19,,1191,support@firespeedy.com,,Automotive,"Car, Emergency Services"
hifireport.com,32,,20052,support@hifireport.com,,Automotive,"Car, Audio Systems"
hotcars.com,62,,1510143,editorial@hotcars.com,Jared,Automotive,"Car, News"
housecleaningcentral.com,48,,273,info@housecleaningcentral.com,,Automotive,"Home, Cleaning"
housedigest.com,50,,431376,staff@healthdigest.com,,Automotive,"Home, Design"
houstonharleytalk.com,22,,17981,contact@houstonharleytalk.com,,Automotive,"Motorcycle, Harley-Davidson"
jeepshunters.com,12,,1455,jeepshunters@gmail.com,,Automotive,"Car, Jeep Enthusiasts"
lazerhelmets.com,41,,253319,info@lazerhelmets.com,,Automotive,"Motorcycle, Helmets"
loveourreallife.com,44,,25126,April@loveourreallife.com,April,Lifestyle and hobbies,Fashion
lovetoknow.com,75,,5377002,admin@lovetoknow.com,Carrie,Automotive,"Lifestyle, Information"
mechanicbase.com,43,,67456,info@mechanicbase.com,Magnus,Automotive,"Car, Repair"
mechanicspick.com,10,,1738,mechanicspick@gmail.com,,Automotive,"Car, Repair"
michelinmedia.com,56,,17684,info@michelinmedia.com,,Automotive,"Car, Wheels & Tires"
motoaffliction.com,12,,127,alan@motoaffliction.com,Alan,Automotive,"Motorcycle, Apparel"
motocrossactionmag.com,58,,87570,mxa@hi-torque.com,,Automotive,"Motorcycle, Magazine"
motofomo.com,35,,34883,hi@motofomo.com,Dana,Automotive,"Motorcycle, Lifestyle"
motorcycle.com,69,,264566,"social@motorcycle.com, evans@motorcycle.com",Evans,Automotive,"Motorcycle, News & Reviews"
motorcyclecruiser.com,58,,44283,info@motorcyclecruiser.com,,Automotive,"Motorcycle, Lifestyle"
motorcyclegear101.com,15,,996,admin@motorcyclegear101.com,,Automotive,"Motorcycle, Gear"
motorcycleninja.com,10,,816,motorcycleninjaofficial@gmail.com,Kevin,Automotive,"Motorcycle, News & Reviews"
bustlingnest.com,40,,7509,contactus@bustlingnest.com,Jessica,Home Improvement,Interior Design
cleanmyspace.com,61,,14144,info@cleanmyspace.com,,Home Improvement,Interior Design
coolmaterial.com,69,,93639,tips@coolmaterial.com,,Lifestyle and hobbies,Fashion
danavento.com,48,,4542,dana@danavento.com,Dana,Automotive,Lifestyle
doityourself.com,72,,18018,"privacy@internetbrands.com,contact@internetbrands.com",,Home Improvement,DIY
enviromom.com,38,,4721,hello@enviromom.com,,Automotive,Environment
firstcheckpoint.com,33,,1863,wesley@firstcheckpoint.com,,Travel,Lifystyle
getawaycouple.com,49,,274029,info@getawaycouple.com,,Travel,Lifystyle
glennsaid.com,10,,6832,kobial8@gmail.com,Glenn,Automotive,Legal
hellolidy.com,54,,5650,admin@hellolidy.com,,Automotive,Lifestyle
hiconsumption.com,71,,75012,hiconsumption@gmail.com,Ian,Automotive,Lifestyle
keepitgnarly.com,18,,394,support@keepitgnarly.com,,Automotive,"Lifestyle, Outdoor Activities"
offroadingpal.com,10,,219,offroadingpal@gmail.com,,Automotive,Off-road vehicles
offroadingpro.com,29,,31883,contact@offroadingpro.com,,Automotive,Off-road vehicles
ouroilyhouse.com,45,,36356,Laura@ouroilyhouse.com,,Home,Cleaning products
powersportsguide.com,28,,21931,powersportsguide@gmail.com,,Automotive,Powersports
plankandpillow.com,46,,,henry@plankandpillow.com,Admin,Home Improvement,Interior Design
biggerthanthethreeofus.com,53,,,multe@biggerthanthethreeofus.com,Admin,Home Improvement,DIY
theturquoisehome.com,55,,,look@theturquoisehome.com,Admin,Home Improvement,
liveaco.com,31,,,david.decker@liveaco.com,David,Home Improvement,Home Appliances
graceinmyspace.com,46,,,Sarah@graceinmyspace.com,Admin,Home Improvement,Interior Design
mindygayer.com,42,,,mindy@mindygayer.com,Mindy,Home Improvement,
domestically-speaking.com,55,,,multe@domestically-speaking.com,Admin,Home Improvement,DIY
neatntiny.com,32,,,Jo@neatntiny.com,Admin,Home Improvement,Storage & Organization
manmadediy.com,58,,,business@manmadediy.com,Admin,Home Improvement,DIY
eastcoastcreativeblog.com,55,,,de@eastcoastcreativeblog.com,Admin,Home Improvement,DIY
theeverydayfarmhouse.com,39,,,jennifer@theeverydayfarmhouse.com,Admin,Home Improvement,Interior Design
maisondepax.com,58,,,rachel@maisondepax.com,Admin,Home Improvement,Interior Design
tipsbulletin.com,52,,,editor@tipsbulletin.com,Admin,Home Improvement,Home Safety and Security
homedecorbliss.com,46,,,team@homedecorbliss.com,Admin,Home Improvement,Interior Design
kyinbridges.com,30,,,cooperation@kyinbridges.com,Admin,Home Improvement,Roofing
homeinspectioninsider.com,41,,,contact@homeinspectioninsider.com,Admin,Home Improvement,Home Safety and Security
athomewithashley.com,49,,,hello@athomewithashley.com,Admin,Home Improvement,Interior Design
kellyraeroberts.com,48,,,kellyrae@kellyraeroberts.com,Admin,Home Improvement,Interior Design
twelveonmain.com,51,,,sara@twelveonmain.com,Admin,Home Improvement,Interior Design
diytileguy.com,32,,,info@diytileguy.com,Admin,Home Improvement,Flooring and Tiling
creeklinehouse.com,56,,,courtenay@creeklinehouse.com,Admin,Home Improvement,DIY
ladydecluttered.com,40,,,justjes@ladydecluttered.com,Admin,Home Improvement,Storage & Organization
realestateinfoguide.com,36,,,experts@realestateinfoguide.com,Admin,Home Improvement,Real Estate
hallmarkfloors.com,46,,,info@hallmarkfloors.com,Ronald,Home Improvement,Flooring and Tiling
nikkisplate.com,47,,,info@nikkisplate.com,Admin,Kitchen,Food
ourhomemadeeasy.com,48,,,brittany@ourhomemadeeasy.com,Admin,Home Improvement,DIY
homefixated.com,53,,,reviewed@homefixated.com,Admin,Home Improvement,Tools
curatedinterior.com,47,,,contact@curatedinterior.com,Admin,Home Improvement,Interior Design
lemonthistle.com,54,,,hello@lemonthistle.com,Admin,Home Improvement,DIY
nestingwithgrace.com,52,,,nestingwithgrace@nestingwithgrace.com,Admin,Home Improvement,Interior Design
addicted2decorating.com,59,,,dduchesnetrautman@addicted2decorating.com,Admin,Home Improvement,DIY
cherishedbliss.com,55,,,ashley@cherishedbliss.com,Ashley,Home Improvement,DIY
pineandprospecthome.com,40,,,contact@pineandprospecthome.com,Admin,Home Improvement,Flooring and Tiling
lifewithlessmess.com,41,,,melissa@lifewithlessmess.com,Admin,Home Improvement,Storage & Organization
mybeautifulflaws.com,35,,,info@mybeautifulflaws.com,Admin,Home Improvement,Interior Design
thegritandpolish.com,47,,,garrett@thegritandpolish.com,Admin,Home Improvement,DIY
thekimsixfix.com,52,,,bloggeradmin@thekimsixfix.com,Admin,Home Improvement,Home Safety and Security
sivertson.com,,1345,,jess@thebrainandthebrawn.com,Jess,Home Improvement,Interior Design
simplybeautifulbyangela.com,,1348,,hello@freshmommyblog.com,Admin,Home Improvement,Interior Design
schaefershelving.com,,1349,,sales@freshmommyblog.com,Admin,Home Improvement,Storage & Organization
floorily.com,,1349,,hello@thehandymansdaughter.com,Admin,Home Improvement,Flooring and Tiling
girllovesglam.com,,1350,,vineta@thehandymansdaughter.com,Vineta,Home Improvement,Interior Design
searchub.com,,1351,,admiin@thehandymansdaughter.com,Admin,Home Improvement,Tools
pirani.life,,1352,,contact@thehandymansdaughter.com,Admin,Home Improvement,Home Appliances
rughdesign.com,,1353,,support@figopetinsurance.com,Admin,Home Improvement,Flooring and Tiling
figopetinsurance.com,52,43998,,cto@figopetinsurance.com,Admin,Home Improvement,HVAC
ronhazelton.com,53,11647,,sales@ronhazelton.com,Admin,Home Improvement,DIY
claireguentz.com,35,731,,business@claireguentz.com,Admin,Home Improvement,Interior Design
petitemodernlife.com,47,638,,hello@petitemodernlife.com,Admin,Home Improvement,DIY
frugallyblonde.com,48,8981,,julie@frugallyblonde.com,Julie,Home Improvement,Home Appliances
ladyleeshome.com,49,35228,,Lee@ladyleeshome.com,Lee,Home Improvement,DIY
myoutdoorplans.com,50,29014,,admin@myoutdoorplans.com,Admin,Home Improvement,DIY
erinspain.com,54,5158,,blogs@erinspain.com,Admin,Home Improvement,DIY
kippiathome.com,43,29719,,info@kippiathome.com,Admin,Home Improvement,DIY
semiglossdesign.com,45,6511,,contact@semiglossdesign.com,Admin,Home Improvement,"Interior Design, DIY"
domesticallyblissful.com,54,3072,,giustina@domesticallyblissful.com,Giustina,Home Improvement,DIY
buildingbluebird.com,41,12699,,lindsey@buildingbluebird.com,Lindsey,Home Improvement,DIY
howtospecialist.com,52,11682,,admin@howtospecialist.com,Admin,Home Improvement,DIY
sunrisespecialty.com,47,3936,,bpalifk@sunrisespecialty.com,Bpalifk,Home Improvement,DIY
